{
  "Name": "CounterTune",
  "Version": "1.0.0",
  "Factory Info": {
    "Vendor": "54v450l4r",
    "URL": "",
    "E-Mail": "",
    "Flags": {
      "Unicode": true,
      "Classes Discardable": false,
      "Component Non Discardable": false,
    },
  },
  "Classes": [
    {
      "CID": "ABCDEF019182FAEB4D616E7543746E45",
      "Category": "Audio Module Class",
      "Name": "CounterTune",
      "Vendor": "54v450l4r",
      "Version": "1.0.0",
      "SDKVersion": "VST 3.7.12",
      "Sub Categories": [
        "Fx",
      ],
      "Class Flags": 0,
      "Cardinality": 2147483647,
      "Snapshots": [
      ],
    },
    {
      "CID": "ABCDEF011234ABCD4D616E7543746E45",
      "Category": "Component Controller Class",
      "Name": "CounterTune",
      "Vendor": "54v450l4r",
      "Version": "1.0.0",
      "SDKVersion": "VST 3.7.12",
      "Sub Categories": [
        "Fx",
      ],
      "Class Flags": 0,
      "Cardinality": 2147483647,
      "Snapshots": [
      ],
    },
  ],
}
